text,community_id,community_name,perplexity,cleaned_text
all that keeping me going rn is that christmas is less than a month away,0,Eating Disorder,2.593966317645776,all that keeping me going rn is that christmas is less than a month away
hi new followers . some reminders ; no fucking proshippers ( includes giomis shippers ) no endogenic system or supporters no edtwt/shtwt/poppytwt etc . accounts thank you girls,2,Anti Eating Disorder,829.8749801895757,hi new followers . some reminders ; no fucking proshippers ( includes giomis shippers ) no endogenic system or supporters no edtwt/shtwt/poppytwt etc . accounts thank you girls
if youre on edtwt and have a marvel pfp youre automatically my friend i dont make the rules,0,Eating Disorder,4.186797115446376,if youre on edtwt and have a marvel pfp youre automatically my friend i dont make the rules
"did you know that keto works well , except in very specific situations . address those and keto will work for you too ! !",1,Keto and Diet,4.145668418808982,"did you know that keto works well , except in very specific situations . address those and keto will work for you too ! !"
learning and other things that are good for your brain can be fun ! 8 easy habits that will rapidly improve your brain,1,Keto and Diet,11.676865722595869,learning and other things that are good for your brain can be fun ! 8 easy habits that will rapidly improve your brain
sugar free peanut butter cups,1,Keto and Diet,6.559797574370593,sugar free peanut butter cups
elon needs to eradicate edtwt,3,Weight Loss Drugs,809.3028844005518,elon needs to eradicate edtwt
discover the power of holistic health . join me on a journey to find relief from health issues through the combination of traditional and functional medicine .,13,Healthy lifestyle and Weight Loss,5.591138048837015,discover the power of holistic health . join me on a journey to find relief from health issues through the combination of traditional and functional medicine .
this sort of thinspo is why i want to be skinny,0,Eating Disorder,2.7781263939174545,this sort of thinspo is why i want to be skinny
"i was in recovery for 6 months , now im back on my bullshit",0,Eating Disorder,2.3463569236034223,"i was in recovery for 6 months , now im back on my bullshit"
the finns of edtwt list is just full of my tweets sorry guys im mentally insane and will get worse if i ca n't tweet every half thought that i have,3,Weight Loss Drugs,106.25172062316749,the finns of edtwt list is just full of my tweets sorry guys im mentally insane and will get worse if i ca n't tweet every half thought that i have
bro i have thinspo as my wallpaper i get so self conscious when i open my phone in public but it motivates me sm,0,Eating Disorder,3.0706320642543163,bro i have thinspo as my wallpaper i get so self conscious when i open my phone in public but it motivates me sm
"my hoa fees are high , but they include ozempic in the water system .",3,Weight Loss Drugs,208.4440682627164,"my hoa fees are high , but they include ozempic in the water system ."
can i put my hand around that neck ! ! ! im baaaaack,10,Body Image,6.106871641258545,can i put my hand around that neck ! ! ! im baaaaack
keto white chocolate chips sugar free white chocolate chips for the win !,4,Healthy lifestyle and Weight Loss,6.522673064786068,keto white chocolate chips sugar free white chocolate chips for the win !
is there an app that lets you scan barcodes and itll tell you if that food is good for weightloss,0,Eating Disorder,3.6406955250663753,is there an app that lets you scan barcodes and itll tell you if that food is good for weightloss
sainsburys custard doughnuts & gt ; & gt ; & gt ; life,0,Eating Disorder,3.87874759984092,sainsburys custard doughnuts & gt ; & gt ; & gt ; life
if hate edtwt so much then dni and do n't put that shit on other people tls ? ? y'all r so fucking annoying,2,Anti Eating Disorder,18.117936822095505,if hate edtwt so much then dni and do n't put that shit on other people tls ? ? y'all r so fucking annoying
jennie kim is the only thinspo i need,7,Eating Disorder,2.455659886364004,jennie kim is the only thinspo i need
if any of yall on edtwt even remotely respond to me i will in fact lurk your page for a solid 15 minutes and probably end up following you,0,Eating Disorder,3.5988990755839083,if any of yall on edtwt even remotely respond to me i will in fact lurk your page for a solid 15 minutes and probably end up following you
see tummy now go and order yours now and thank me later phyna x spedy weightloss congratulations phyna,14,Spam,77.8650529121425,see tummy now go and order yours now and thank me later phyna x spedy weightloss congratulations phyna
so ozempic is basically ....... helping you starve yourself without getting cranky ? am i reading this right ?,3,Weight Loss Drugs,82.37870306471248,so ozempic is basically ....... helping you starve yourself without getting cranky ? am i reading this right ?
some people from my past are trying to shame me for sharing my body on the internet . but i am a very proud and open-minded person . no one will stop me from doing what brings me joy in life . especially when it allows me to make other people happy as well .,12,Spam,13.200574833065833,some people from my past are trying to shame me for sharing my body on the internet . but i am a very proud and open-minded person . no one will stop me from doing what brings me joy in life . especially when it allows me to make other people happy as well .
"parmesan and pork rind crumb air fried catfish , coleslaw , sauteed zucchini and brussel sprouts",1,Keto and Diet,17.58754859358031,"parmesan and pork rind crumb air fried catfish , coleslaw , sauteed zucchini and brussel sprouts"
my mom is so obsessed with keto i cant,0,Eating Disorder,4.384884880038948,my mom is so obsessed with keto i cant
cmo tiktok convirti ozempic en un medicamento para perder peso,3,Weight Loss Drugs,1062.3159243275757,cmo tiktok convirti ozempic en un medicamento para perder peso
fiz uma limpa de seguidor esses dias mt feira gente de edtwt me seguindo eu odeio vcs no me sigam,2,Anti Eating Disorder,433.0766763260456,fiz uma limpa de seguidor esses dias mt feira gente de edtwt me seguindo eu odeio vcs no me sigam
"roasted spaghetti squash with eggplant puttanesca roasted spaghetti squash with eggplant puttanesca is a rich , robust vegan keto meal that low in carbs & ; gluten-free ! prep time 15 mins cook time 45 mins serves 3",19,Weight Loss Drugs,42.85535338797754,"roasted spaghetti squash with eggplant puttanesca roasted spaghetti squash with eggplant puttanesca is a rich , robust vegan keto meal that low in carbs & ; gluten-free ! prep time 15 mins cook time 45 mins serves 3"
almonds in keto diet how to use almonds in ketogenic diet ?,4,Healthy lifestyle and Weight Loss,3.329969142083032,almonds in keto diet how to use almonds in ketogenic diet ?
that feeling when you realize youve put on more muscle and gotten even leaner than you were a month ago !,17,Healthy lifestyle and Weight Loss,4.252497759767849,that feeling when you realize youve put on more muscle and gotten even leaner than you were a month ago !
all of our financial earnings analyses so far ( ) novartis trims its pipeline kras flatlines novonordisk still can not meet demand $ nvs $ amgn $ mrtx $ nvo,6,Weight Loss Drugs,858.8654242733353,all of our financial earnings analyses so far ( ) novartis trims its pipeline kras flatlines novonordisk still can not meet demand $ nvs $ amgn $ mrtx $ nvo
motivatedfit | your clear step-by-step guide to your dream body without struggle !,6,Weight Loss Drugs,215.17735808653143,motivatedfit | your clear step-by-step guide to your dream body without struggle !
"why do we only see people of color , trans people , and disabled people in fatspo but not thinspo",0,Eating Disorder,4.429237984519662,"why do we only see people of color , trans people , and disabled people in fatspo but not thinspo"
5 ways your body benefits from asparagus,4,Healthy lifestyle and Weight Loss,6.037743655825491,5 ways your body benefits from asparagus
step out of your comfort zone .,4,Healthy lifestyle and Weight Loss,2.895264672296824,step out of your comfort zone .
im going on a 2 day fast and i was just wondering if anyone has any tips !,0,Eating Disorder,2.80815909202412,im going on a 2 day fast and i was just wondering if anyone has any tips !
why is it that people will ask what did you take instead of what did you do when they see someones weightloss transformation,11,Spam,5.077831105778344,why is it that people will ask what did you take instead of what did you do when they see someones weightloss transformation
"tag handler , what our tag for tomorrow abeg ? nothing concern me with bbtitans hassmates . i ca n't relate with them abeg abeg . they need spedy weightloss to reduce phyna x africa choice awards fierce phyna",14,Spam,455.6060498624269,"tag handler , what our tag for tomorrow abeg ? nothing concern me with bbtitans hassmates . i ca n't relate with them abeg abeg . they need spedy weightloss to reduce phyna x africa choice awards fierce phyna"
"yep , that dose of ozempic on saturday had a lasting effect on my blood sugar .",19,Weight Loss Drugs,34.12134296370424,"yep , that dose of ozempic on saturday had a lasting effect on my blood sugar ."
"green propolis can be used in a ketogenic diet , as it does not contain large amounts of carbohydrates it is recommended to consult a health professional before starting any diet or supplementation .",19,Weight Loss Drugs,34.1836119173314,"green propolis can be used in a ketogenic diet , as it does not contain large amounts of carbohydrates it is recommended to consult a health professional before starting any diet or supplementation ."
"my go-to whenever i dont feel like cooking . cramble some eggs , cook bacon and serve with some mayo !",1,Keto and Diet,13.673635453573912,"my go-to whenever i dont feel like cooking . cramble some eggs , cook bacon and serve with some mayo !"
i just saw someone say why is edtwt obsessed with pear shaped bodies and as someone with a pear shaped body i feel rly attacked,0,Eating Disorder,4.448580663919695,i just saw someone say why is edtwt obsessed with pear shaped bodies and as someone with a pear shaped body i feel rly attacked
"happy christmas from european capital of christmas markets and celebrations vienna . after eating our breakfast in the hotel we can happily say that this is a carnivore and keto friendly country . furthermore , low-carbers are in paradise if they visit austria .",1,Keto and Diet,23.20373496592609,"happy christmas from european capital of christmas markets and celebrations vienna . after eating our breakfast in the hotel we can happily say that this is a carnivore and keto friendly country . furthermore , low-carbers are in paradise if they visit austria ."
sometimes we consume more calories than we think . eat before an event and stop eating for the sake of it .,4,Healthy lifestyle and Weight Loss,2.3278083731531263,sometimes we consume more calories than we think . eat before an event and stop eating for the sake of it .
put your hand up if you want a glass of wine this weekend its low carb and keto friendly of course . . .,1,Keto and Diet,3.6447080676556745,put your hand up if you want a glass of wine this weekend its low carb and keto friendly of course . . .
| video footage from when was on l & ; hhny resurfaces & ; she had a few words for women who get surgery `` the only way to change your self esteem is if you go to therapy . '',2,Anti Eating Disorder,56.03266287155668,| video footage from when was on l & ; hhny resurfaces & ; she had a few words for women who get surgery `` the only way to change your self esteem is if you go to therapy . ''
"thats what matters heyi , bryan and phyna fans can fight its ok phyna x spedy weightloss congratulations phyna",14,Spam,194.5070894223041,"thats what matters heyi , bryan and phyna fans can fight its ok phyna x spedy weightloss congratulations phyna"
need some inspiration to get back on track with your weight loss journey ? click here to find out how to reach your goals,4,Healthy lifestyle and Weight Loss,1.5226358511724172,need some inspiration to get back on track with your weight loss journey ? click here to find out how to reach your goals
"if you 're like most people , you probably made some resolutions for the new year . maybe you want to eat healthier , get more exercise , or spend more time with family and",4,Healthy lifestyle and Weight Loss,5.4522903506672415,"if you 're like most people , you probably made some resolutions for the new year . maybe you want to eat healthier , get more exercise , or spend more time with family and"
first attempt at a keto friendly double cheeseburger with my new waffle maker . the bottom was the first one so its not pretty . i definitely need to get a better quality cheese but i think it turned out pretty well !,1,Keto and Diet,17.225127256058354,first attempt at a keto friendly double cheeseburger with my new waffle maker . the bottom was the first one so its not pretty . i definitely need to get a better quality cheese but i think it turned out pretty well !
become obsessed with your life and your goals . we only have one shot at this .,4,Healthy lifestyle and Weight Loss,3.513830225900587,become obsessed with your life and your goals . we only have one shot at this .
new some pharmacists arent bothering to stock ozempic but not for the reasons you might think . reporting with,3,Weight Loss Drugs,715.270049982422,new some pharmacists arent bothering to stock ozempic but not for the reasons you might think . reporting with
my old edtwt account i was in a dark place dont judge,2,Anti Eating Disorder,9.283148094868974,my old edtwt account i was in a dark place dont judge
keto is `` low vibrations '' turned into a diet,3,Weight Loss Drugs,210.62401685291127,keto is `` low vibrations '' turned into a diet
reply and ill give you thinspo based on your layout,0,Eating Disorder,4.52218860109703,reply and ill give you thinspo based on your layout
genuine question does edtwt just spend all their time focusing on other ppls weights so they can distract themselves from wanting to kts cuz they ate a can of pringles like 7 years old,2,Anti Eating Disorder,36.156587179148616,genuine question does edtwt just spend all their time focusing on other ppls weights so they can distract themselves from wanting to kts cuz they ate a can of pringles like 7 years old
shed those extra pounds with berberine . learn the best way to use berberine for weight loss on our page !,4,Healthy lifestyle and Weight Loss,2.52698241986635,shed those extra pounds with berberine . learn the best way to use berberine for weight loss on our page !
"phyna congratulations season is fully on , another one has landed phyna x spedy weightloss",14,Spam,156.13108682264044,"phyna congratulations season is fully on , another one has landed phyna x spedy weightloss"
heal the root cause of all diseases visit link in bio,4,Healthy lifestyle and Weight Loss,5.150446255311741,heal the root cause of all diseases visit link in bio
ready to start your weight loss journey ? click the link to get started !,4,Healthy lifestyle and Weight Loss,1.5948449363233352,ready to start your weight loss journey ? click the link to get started !
oj nie nic mnie tak nie wkurwia jak gadanie ze shtwt i edtwt nie robia nikomu krzywdy i trzeba to zostawic w spokoju po prostu,2,Anti Eating Disorder,4888.980861293874,oj nie nic mnie tak nie wkurwia jak gadanie ze shtwt i edtwt nie robia nikomu krzywdy i trzeba to zostawic w spokoju po prostu
in 2022 the mental health keto blog helped over 9k visitors learn more about how keto can rescue mood and cognitive function .,1,Keto and Diet,22.20301694570253,in 2022 the mental health keto blog helped over 9k visitors learn more about how keto can rescue mood and cognitive function .
art hoes and edtwt girls are,3,Weight Loss Drugs,828.9192518085129,art hoes and edtwt girls are
"eggs , broccoli , onion , olive oil , almonds and macadamia my favorite breakfast whats yours ?",5,Body Image,15.103198705060166,"eggs , broccoli , onion , olive oil , almonds and macadamia my favorite breakfast whats yours ?"
`` tomorrow will be the first sunrise of the rest of life make it what want . and remember that happiness is a choice . '' bye welcome !,5,Body Image,18.456142109928525,`` tomorrow will be the first sunrise of the rest of life make it what want . and remember that happiness is a choice . '' bye welcome !
who be this brother way dy carry our girl go where she no know we dy back shop spedy weightloss rixari skin secrets x phyna,14,Spam,752.6301900233266,who be this brother way dy carry our girl go where she no know we dy back shop spedy weightloss rixari skin secrets x phyna
kyle richards shares how she achieved recent weight loss 1 week after denying using ozempic,3,Weight Loss Drugs,269.0266292323216,kyle richards shares how she achieved recent weight loss 1 week after denying using ozempic
"we party , we hype , we beat drum and chop vegetables , that why we have a glowing skin shop spedy weightloss rixari skin secret x phyna",14,Spam,200.9497665238369,"we party , we hype , we beat drum and chop vegetables , that why we have a glowing skin shop spedy weightloss rixari skin secret x phyna"
"amazon deal found nutiva organic steam-refined coconut oil , 15 fluid ounce , usda organic , non-gmo , vegan , keto , paleo , neutral flavor and aroma for cooking & ; natural moisturizer for skin and hair price $ 4.49",3,Weight Loss Drugs,222.8765694338446,"amazon deal found nutiva organic steam-refined coconut oil , 15 fluid ounce , usda organic , non-gmo , vegan , keto , paleo , neutral flavor and aroma for cooking & ; natural moisturizer for skin and hair price $ 4.49"
i tried on a skirt i got b4 school started and it was a bit small on me ( ( (,7,Eating Disorder,4.647830074502752,i tried on a skirt i got b4 school started and it was a bit small on me ( ( (
"if youre looking for an ally on your journey toward better health , give us a call and let start working on .",3,Weight Loss Drugs,10.560181768888343,"if youre looking for an ally on your journey toward better health , give us a call and let start working on ."
"notre dernier article ozempic ( semaglutide ) et mounjaro ( tirzepatide ) , une grande avance pour le traitement de lobsit ( avec des cots normes )",6,Weight Loss Drugs,2095.340422677429,"notre dernier article ozempic ( semaglutide ) et mounjaro ( tirzepatide ) , une grande avance pour le traitement de lobsit ( avec des cots normes )"
a healthy eating plan gives your body the nutrients it needs every day for weight loss . for more information visit,4,Healthy lifestyle and Weight Loss,1.7088639570557091,a healthy eating plan gives your body the nutrients it needs every day for weight loss . for more information visit
"my body is n't perfect but i quite like this pic , although i am ( as usual ) holding myself in a bit . xx",10,Body Image,8.786448103201753,"my body is n't perfect but i quite like this pic , although i am ( as usual ) holding myself in a bit . xx"
why are yall blaming fat folks for taking ozempic when fatphobia is all they hear from the world and its whole ass doctors writing the rx . seems youre blaming the victim . get in the basket .,3,Weight Loss Drugs,129.8326810697928,why are yall blaming fat folks for taking ozempic when fatphobia is all they hear from the world and its whole ass doctors writing the rx . seems youre blaming the victim . get in the basket .
send me thinspo that i can use as my homescreen for motivation,0,Eating Disorder,4.8970070621767565,send me thinspo that i can use as my homescreen for motivation
looking for a high protein meal ? this fish recipe is a must for your health and nutrition diet plan !,4,Healthy lifestyle and Weight Loss,4.887914539426558,looking for a high protein meal ? this fish recipe is a must for your health and nutrition diet plan !
the true facts of pig meat that the pork industry doesnt want you to see or know about .,19,Weight Loss Drugs,6.478959139833368,the true facts of pig meat that the pork industry doesnt want you to see or know about .
"dolly parton declares she 'more the cake , cookie , and cornbread type ' after fake keto and gummy ads featuring the country music icon circulate on social media",3,Weight Loss Drugs,188.96262325238564,"dolly parton declares she 'more the cake , cookie , and cornbread type ' after fake keto and gummy ads featuring the country music icon circulate on social media"
we all have been brainwashed it works,1,Keto and Diet,13.545935364960854,we all have been brainwashed it works
learn how to make this super delicious chicken quesadilla low carb and high protein,1,Keto and Diet,6.601833904929164,learn how to make this super delicious chicken quesadilla low carb and high protein
breakfast of champions,4,Healthy lifestyle and Weight Loss,3.3074677803990227,breakfast of champions
there are many benefits to getting daily sun exposure . dont forget to get outside & ; soak in the sun today !,4,Healthy lifestyle and Weight Loss,4.555431050082939,there are many benefits to getting daily sun exposure . dont forget to get outside & ; soak in the sun today !
scrolling through edtwt+ listening to music =,2,Anti Eating Disorder,1126.3530745519492,scrolling through edtwt+ listening to music =
she was bones and a good cough or sneeze from snapping in two . she looks far healthier now . `` edtwt '' my ass go outside,2,Anti Eating Disorder,91.92101992786117,she was bones and a good cough or sneeze from snapping in two . she looks far healthier now . `` edtwt '' my ass go outside
my main motivation is that no one has noticed my weightloss except for my sister and mom,0,Eating Disorder,3.247749928732051,my main motivation is that no one has noticed my weightloss except for my sister and mom
indulge in hearty meals by trying out these 6 tasty keto chicken stew recipes that you can share with friends and family . get the recipes,1,Keto and Diet,5.140619131699141,indulge in hearty meals by trying out these 6 tasty keto chicken stew recipes that you can share with friends and family . get the recipes
which diet is better for me keto or mediterranean ?,3,Weight Loss Drugs,30.240754247697,which diet is better for me keto or mediterranean ?
im gon na start being more active on here . im always on edtwt but i never post,0,Eating Disorder,4.991662247147034,im gon na start being more active on here . im always on edtwt but i never post
"remember that health and weight loss are about so much more than just appearance . focus on how you feel , the energy you have , and the positive impact you 're making on your body and mind .",4,Healthy lifestyle and Weight Loss,4.922698408036715,"remember that health and weight loss are about so much more than just appearance . focus on how you feel , the energy you have , and the positive impact you 're making on your body and mind ."
gosh such a proud stan .. my girls are wining phy just signed a deal .. then boom indi too congrats girls phyna x spedy weightloss congratulations phyna,14,Spam,717.5359247250822,gosh such a proud stan .. my girls are wining phy just signed a deal .. then boom indi too congrats girls phyna x spedy weightloss congratulations phyna
chili lime keto sheet pan shrimp calling all shrimp lovers ! these fiery and robust chili lime keto sheet pan shrimp are going to be your new go-to keto shrimp recipe . pin it get the recipe,1,Keto and Diet,6.189827954309704,chili lime keto sheet pan shrimp calling all shrimp lovers ! these fiery and robust chili lime keto sheet pan shrimp are going to be your new go-to keto shrimp recipe . pin it get the recipe
small changes can make a big difference in your health . start by replacing one unhealthy habit with a healthy one .,4,Healthy lifestyle and Weight Loss,2.432714924975024,small changes can make a big difference in your health . start by replacing one unhealthy habit with a healthy one .
everyday is a step closer to my goals,4,Healthy lifestyle and Weight Loss,3.251631759191054,everyday is a step closer to my goals
its always you edtwt freaks and proshippers istfg,2,Anti Eating Disorder,1156.0753400979324,its always you edtwt freaks and proshippers istfg
will never do a face reveal on edtwt . no matter how pretty i think i look itll never be enough,0,Eating Disorder,4.578898105546663,will never do a face reveal on edtwt . no matter how pretty i think i look itll never be enough
custom keto diet ( get your custom keto diet plan | lose weight ),4,Healthy lifestyle and Weight Loss,3.80923211058036,custom keto diet ( get your custom keto diet plan | lose weight )
"a 1-mg dose of semaglutide ( ) weekly was better at maintaining weight than 3-mg liraglutide ( ) daily for patients who put on pounds after bariatric surgery , a retrospective study suggested at the annual meeting .",6,Weight Loss Drugs,99.24125309043626,"a 1-mg dose of semaglutide ( ) weekly was better at maintaining weight than 3-mg liraglutide ( ) daily for patients who put on pounds after bariatric surgery , a retrospective study suggested at the annual meeting ."
you are stronger than you think .,4,Healthy lifestyle and Weight Loss,2.415735754598258,you are stronger than you think .
"spending the day in i really should live in this beautiful state . yes , this pic is real !",1,Keto and Diet,13.124149916645225,"spending the day in i really should live in this beautiful state . yes , this pic is real !"
"ready to take your weight loss journey to the next level ? try the ketogenic diet ! our beginner guide covers everything you need to know to get started on this high-fat , low-carb way of eating . check out our guide today !",4,Healthy lifestyle and Weight Loss,5.632550972972592,"ready to take your weight loss journey to the next level ? try the ketogenic diet ! our beginner guide covers everything you need to know to get started on this high-fat , low-carb way of eating . check out our guide today !"
portraying chefbear .,5,Body Image,4613304.438128807,portraying chefbear .
could you use some help to lose weight ?,4,Healthy lifestyle and Weight Loss,2.913642822344722,could you use some help to lose weight ?
would your thinspo eat this would your thinspo est this would your thinspo eat this would your thinspo eat this would your thinspo eat this,7,Eating Disorder,1.650630346275617,would your thinspo eat this would your thinspo est this would your thinspo eat this would your thinspo eat this would your thinspo eat this
how to reduce breast size,4,Healthy lifestyle and Weight Loss,5.496974008082872,how to reduce breast size
"a new year , mean new goals . try these tips to get a head start in the new year .",4,Healthy lifestyle and Weight Loss,4.0593017421150766,"a new year , mean new goals . try these tips to get a head start in the new year ."
"skipping class in the bathroom , listening to music and scrolling thru edtwt & gt ; & gt ; & gt ; & gt ;",7,Eating Disorder,3.29227317183732,"skipping class in the bathroom , listening to music and scrolling thru edtwt & gt ; & gt ; & gt ; & gt ;"
people on stan twitter are more fatphobic than people on edtwt just saying !,2,Anti Eating Disorder,5.151832688643628,people on stan twitter are more fatphobic than people on edtwt just saying !
how does it feel to see an edtwt account with the same pfp as you,0,Eating Disorder,4.77766718989841,how does it feel to see an edtwt account with the same pfp as you
ik people on edtwt are always getting suspended but it feels like there are so many people being suspended than usual,0,Eating Disorder,4.112654268601531,ik people on edtwt are always getting suspended but it feels like there are so many people being suspended than usual
novo nordisk cfo says on earnings call this wk it estimates 40 % of new ozempic business in the us comes from `` naive patients who have not received their diabetes medication before . '',3,Weight Loss Drugs,452.93881241787886,novo nordisk cfo says on earnings call this wk it estimates 40 % of new ozempic business in the us comes from `` naive patients who have not received their diabetes medication before . ''
visit our facility to have your kidney function test at an affordable price . call us on 0546279470 / 0543795828,1,Keto and Diet,18.31561468966097,visit our facility to have your kidney function test at an affordable price . call us on 0546279470 / 0543795828
when i need a distraction so i do n't eat i look at thinspo but it not triggering it just entertaining to look at,0,Eating Disorder,4.453309686427998,when i need a distraction so i do n't eat i look at thinspo but it not triggering it just entertaining to look at
ten myths of weight and weightloss,6,Weight Loss Drugs,49.88192873199189,ten myths of weight and weightloss
i just need to know how these celebrities are losing so much weight on ozempic im on wegovy and gained a pound,6,Weight Loss Drugs,45.55550632578242,i just need to know how these celebrities are losing so much weight on ozempic im on wegovy and gained a pound
"be honest ! when it comes to -prone men versus men , is there really much of a choice ?",5,Body Image,21.61048191636629,"be honest ! when it comes to -prone men versus men , is there really much of a choice ?"
the vast majority of people identify emotional eating in themselveseating to soothe an emotion instead of to fuel your body or satisfy hunger . more in the dr. francavilla show podcast episode on emotional eating,6,Weight Loss Drugs,154.23949404997154,the vast majority of people identify emotional eating in themselveseating to soothe an emotion instead of to fuel your body or satisfy hunger . more in the dr. francavilla show podcast episode on emotional eating
first gym day after thanksgiving . pull day went well . now to get back on keto . so thankful for . she is a wonderful person and such an inspiration .,1,Keto and Diet,27.24506518256917,first gym day after thanksgiving . pull day went well . now to get back on keto . so thankful for . she is a wonderful person and such an inspiration .
"in america we have the most abundant supply and choices of foods to eat , and the most diets to keep us from eating it .",4,Healthy lifestyle and Weight Loss,6.745052696847733,"in america we have the most abundant supply and choices of foods to eat , and the most diets to keep us from eating it ."
espero q todos do edtwt que tao falando mal do corpo da triz smt,2,Anti Eating Disorder,239.80473242014628,espero q todos do edtwt que tao falando mal do corpo da triz smt
duotrim,6,Weight Loss Drugs,18897414.56271268,duotrim
why is vitamin d so important and how much should you take ?,6,Weight Loss Drugs,2.6343184006469134,why is vitamin d so important and how much should you take ?
2023 goals have my head held against a sweaty girls midriff while i clean her with my tongue,12,Spam,36.462300101722505,2023 goals have my head held against a sweaty girls midriff while i clean her with my tongue
10/10,5,Body Image,894.353057802029,10/10
"im going to try to fast tomorrow , wish me luck ! !",0,Eating Disorder,3.274414092910121,"im going to try to fast tomorrow , wish me luck ! !"
im bored its time to scroll thru edtwt for 10 minutes and bookmark every other i see just to read half of it and never look at it again,0,Eating Disorder,4.681841950201115,im bored its time to scroll thru edtwt for 10 minutes and bookmark every other i see just to read half of it and never look at it again
check out this amazing weight loss program that helped me get fit and feel healthier !,4,Healthy lifestyle and Weight Loss,3.454534895140153,check out this amazing weight loss program that helped me get fit and feel healthier !
"these healthy homemade sloppy joes are dairy free , and keto friendly . my keto sloppy joes recipe originally appeared in my instant pot cookbook but im sharing it here for you adapted for the stovetop ! pin it get the recipe",1,Keto and Diet,11.611612171509686,"these healthy homemade sloppy joes are dairy free , and keto friendly . my keto sloppy joes recipe originally appeared in my instant pot cookbook but im sharing it here for you adapted for the stovetop ! pin it get the recipe"
"friday , chilln in the kitchen .",5,Body Image,1017.9334306502476,"friday , chilln in the kitchen ."
"me on keto , trying to figure out what other sauces i can drown my baked chicken thighs in",3,Weight Loss Drugs,9.158205272219966,"me on keto , trying to figure out what other sauces i can drown my baked chicken thighs in"
i just ate and now i feel disgusting .. do i go for a walk ? ? its cold tho,7,Eating Disorder,3.2958585851640776,i just ate and now i feel disgusting .. do i go for a walk ? ? its cold tho
i know its edtwt but it always breaks my heart when i see my friends get worse and i cant do anything ab it,0,Eating Disorder,4.551431376455792,i know its edtwt but it always breaks my heart when i see my friends get worse and i cant do anything ab it
`` time & ; are 2 precious assets we do n't recognize & ; appreciate until they 've been depleted . '',4,Healthy lifestyle and Weight Loss,5.211171933246031,`` time & ; are 2 precious assets we do n't recognize & ; appreciate until they 've been depleted . ''
i just received a gift from theonlyzae throne gifts keto gummy bears low sugar mixed fruit keto gummies ( 1g ) healthy keto gummies 16 individual packs of gummy bear . thank you !,3,Weight Loss Drugs,92.93810797664212,i just received a gift from theonlyzae throne gifts keto gummy bears low sugar mixed fruit keto gummies ( 1g ) healthy keto gummies 16 individual packs of gummy bear . thank you !
i really have to get off edtwt and start studying for my physics test,0,Eating Disorder,5.239555255998329,i really have to get off edtwt and start studying for my physics test
"do you have a green thumb ? know your basil from your mint , when the tomatoes go in , and how to keep a maidenhair alive indoors ? make sure that keeping yourself safe is part of your gardening expertise . here how",19,Weight Loss Drugs,40.707426100669096,"do you have a green thumb ? know your basil from your mint , when the tomatoes go in , and how to keep a maidenhair alive indoors ? make sure that keeping yourself safe is part of your gardening expertise . here how"
"tells your body to burn more calories , fires up fat loss and helps you slay your health and fitness goals . on purchase of 3 supplies of 3 months + 2 months free . click and learn more .",1,Keto and Diet,24.09722045022387,"tells your body to burn more calories , fires up fat loss and helps you slay your health and fitness goals . on purchase of 3 supplies of 3 months + 2 months free . click and learn more ."
being part of is pretty high on my list of worst fucking hobbies imaginable . its up there with collecting radioactive materials and participating in obese furry fart roleplay,2,Anti Eating Disorder,56.198411057077614,being part of is pretty high on my list of worst fucking hobbies imaginable . its up there with collecting radioactive materials and participating in obese furry fart roleplay
how about a soft and chewy cookie ?,4,Healthy lifestyle and Weight Loss,4.93529911047266,how about a soft and chewy cookie ?
"never worked so hard for anything like i have for weightloss . its been a big year , but 2023 is my year",1,Keto and Diet,3.758994096318483,"never worked so hard for anything like i have for weightloss . its been a big year , but 2023 is my year"
"glad to see this the new york times article by about `` what new weight loss drugs teach us about fat and free will '' , which succinctly paints the picture for readers about the spectrum of eating behavior and obesity ,",6,Weight Loss Drugs,94.51249407701197,"glad to see this the new york times article by about `` what new weight loss drugs teach us about fat and free will '' , which succinctly paints the picture for readers about the spectrum of eating behavior and obesity ,"
"it the controversial 'diet drug ' that becoming all the rage for those wanting to lose weight . experts say ozempic should be researched thoroughly , before being considered .",3,Weight Loss Drugs,90.66621311304108,"it the controversial 'diet drug ' that becoming all the rage for those wanting to lose weight . experts say ozempic should be researched thoroughly , before being considered ."
monday pro tip grab a poke bowl with nacho chips and get your crunch on . . . . . .,1,Keto and Diet,8.75307192364223,monday pro tip grab a poke bowl with nacho chips and get your crunch on . . . . . .
new series with !,5,Body Image,8174.57929901452,new series with !
"affirmation you are worthy of , & ; . i treat myself & ; everyone i meet with love & ;",4,Healthy lifestyle and Weight Loss,6.603486686309476,"affirmation you are worthy of , & ; . i treat myself & ; everyone i meet with love & ;"
millions of tourists travel to the black hills of south dakota each year and many do n't have the opportunity to see all the great features the area offers . having a sense of the area before making your trip can enlighten prospective travelers about the,1,Keto and Diet,15.286295105320088,millions of tourists travel to the black hills of south dakota each year and many do n't have the opportunity to see all the great features the area offers . having a sense of the area before making your trip can enlighten prospective travelers about the
this is keto right,3,Weight Loss Drugs,319.32239461719433,this is keto right
'ozempic face ' doctors explain side effect of weight loss drugs thehill,3,Weight Loss Drugs,706.5304785403271,'ozempic face ' doctors explain side effect of weight loss drugs thehill
attitude and effort are always in your control . go make it a great week !,4,Healthy lifestyle and Weight Loss,5.9790682918392575,attitude and effort are always in your control . go make it a great week !
i want some pizza . . . .,5,Body Image,2777.476994937665,i want some pizza . . . .
food addiction leads to weight gain and poor health,13,Healthy lifestyle and Weight Loss,3.1087641581034573,food addiction leads to weight gain and poor health
did you hit the gym today ?,4,Healthy lifestyle and Weight Loss,2.649587183909317,did you hit the gym today ?
"the phrase `` an apple a day , keeps doctors away '' was made for a reason after all !",4,Healthy lifestyle and Weight Loss,3.2580696747727824,"the phrase `` an apple a day , keeps doctors away '' was made for a reason after all !"
saturday edition got me with my hands up,10,Body Image,36.043191539929936,saturday edition got me with my hands up
this is it which one is your favorite ?,4,Healthy lifestyle and Weight Loss,4.179890184227723,this is it which one is your favorite ?
edtwt is so pathetic like alright you brittle bones bitch one push and its over for you,2,Anti Eating Disorder,36.70922340196872,edtwt is so pathetic like alright you brittle bones bitch one push and its over for you
satisfy your chinese takeout cravings with this healthy keto lo mein recipe from keto in pearls ! get the recipe,1,Keto and Diet,9.50552601489647,satisfy your chinese takeout cravings with this healthy keto lo mein recipe from keto in pearls ! get the recipe
i ai n't ever seen a good twink midriff picture,12,Spam,280.39669919605893,i ai n't ever seen a good twink midriff picture
"`` often , when on a spree we think of knocking off ghee from our completely , '' said aanchal sogani , a certified nutritionist |",3,Weight Loss Drugs,255.1232660767486,"`` often , when on a spree we think of knocking off ghee from our completely , '' said aanchal sogani , a certified nutritionist |"
"when trying to lose weight , it is generally a good idea to avoid or limit your consumption of high-calorie , high-fat , and high-sugar snacks .",4,Healthy lifestyle and Weight Loss,5.287057745645993,"when trying to lose weight , it is generally a good idea to avoid or limit your consumption of high-calorie , high-fat , and high-sugar snacks ."
"cheating on keto can be tempting , but it important to stay true to your goals ! check out this blog post for some tips to help you stay on track and stay keto-focused read more",1,Keto and Diet,13.029910387312812,"cheating on keto can be tempting , but it important to stay true to your goals ! check out this blog post for some tips to help you stay on track and stay keto-focused read more"
let get over 200k tweets today congratulations phyna phyna x speedy weightloss,14,Spam,160.16670168882308,let get over 200k tweets today congratulations phyna phyna x speedy weightloss
"breakfast casseroles are perfect to serve during the holidays , and there are 25 family-friendly keto breakfast casseroles here that i bet your family will love ! get recipes here & gt ; & gt ; & gt ;",1,Keto and Diet,30.777556945415714,"breakfast casseroles are perfect to serve during the holidays , and there are 25 family-friendly keto breakfast casseroles here that i bet your family will love ! get recipes here & gt ; & gt ; & gt ;"
edtwt can we all agree that december just isnt our month or just me ?,0,Eating Disorder,5.725031480807817,edtwt can we all agree that december just isnt our month or just me ?
i was moots with edtwt person i didnt know,2,Anti Eating Disorder,41.248896581600285,i was moots with edtwt person i didnt know
thats not phynas sitting room its her fucking bedroom ! ! no wonder her dad asked if it was a sitting room so damn big shop spedy weightloss rixari skin secret x phyna,14,Spam,136.15330049502907,thats not phynas sitting room its her fucking bedroom ! ! no wonder her dad asked if it was a sitting room so damn big shop spedy weightloss rixari skin secret x phyna
my toxic trait is that i use models who are 5 ' 9+ as thinspo ( i am 5 ' 5 ),0,Eating Disorder,3.366257673381695,my toxic trait is that i use models who are 5 ' 9+ as thinspo ( i am 5 ' 5 )
* looks at thinspo * okay this is what i wan na look like * sees another photo * actually no this is what i wan na look like * sees third photo * okay no wait-,0,Eating Disorder,3.98876781485396,* looks at thinspo * okay this is what i wan na look like * sees another photo * actually no this is what i wan na look like * sees third photo * okay no wait-
"it really is a fad diet . 10 years ago vegan was the miracle . 5 years ago it was keto . today its carnivore . im all for any diet that helps you lose weight and be healthy , but to say carnivore is the best diet for everyone is not borne by the literature .",1,Keto and Diet,28.729060211419533,"it really is a fad diet . 10 years ago vegan was the miracle . 5 years ago it was keto . today its carnivore . im all for any diet that helps you lose weight and be healthy , but to say carnivore is the best diet for everyone is not borne by the literature ."
28 phyna x spedy weightloss congratulations phyna,14,Spam,819.6413590440593,28 phyna x spedy weightloss congratulations phyna
shop spedy weightloss . rixari skin secrets x phyna . iyeyeye oooo our queen is coming to twitter ooo he don set ooo,14,Spam,569.1548820843963,shop spedy weightloss . rixari skin secrets x phyna . iyeyeye oooo our queen is coming to twitter ooo he don set ooo
"one time me and my ex were meeting up with his friend when it was getting dark , and his friend told me i could tell it was you because of your pale skeleton body and i want for nothing more then to get comments like that again .",0,Eating Disorder,5.587798486291834,"one time me and my ex were meeting up with his friend when it was getting dark , and his friend told me i could tell it was you because of your pale skeleton body and i want for nothing more then to get comments like that again ."
all in all i am very happy bcus they have reduced the workload hyping the brand for us . laslas na rixary everybody go patronise and money will keep flooding my baby acct phyna x spedy weightloss congratulations phyna,14,Spam,191.82337858926456,all in all i am very happy bcus they have reduced the workload hyping the brand for us . laslas na rixary everybody go patronise and money will keep flooding my baby acct phyna x spedy weightloss congratulations phyna
im one person but i like to see you talk about it because i wan na relate to people about weight and fasting and i cant with edtwt so many arent pro recovery and its sad free those kids but honestly me talking about wh,2,Anti Eating Disorder,39.91985952240262,im one person but i like to see you talk about it because i wan na relate to people about weight and fasting and i cant with edtwt so many arent pro recovery and its sad free those kids but honestly me talking about wh
when will it be my time to be everyones thinspo ? ? ?,0,Eating Disorder,2.8803971883744395,when will it be my time to be everyones thinspo ? ? ?
"the technical office on mental health advocacy , nimsa created a body positivity trend and i am loving it .",11,Spam,32.233256657284905,"the technical office on mental health advocacy , nimsa created a body positivity trend and i am loving it ."
them night workouts,10,Body Image,3042.7960689237843,them night workouts
good monday morning everyone . time for my morning bike ride !,10,Body Image,2.661503716962208,good monday morning everyone . time for my morning bike ride !
influencer remi bader says ozempic worsened her binge eating,3,Weight Loss Drugs,2735.2673706654828,influencer remi bader says ozempic worsened her binge eating
"yall can tell spedy weight loss is happy with phynation , instagram story is filled with phynation same as main page phyna x spedy weightloss congratulations phyna",14,Spam,229.57977628855303,"yall can tell spedy weight loss is happy with phynation , instagram story is filled with phynation same as main page phyna x spedy weightloss congratulations phyna"
"these supplements may help you lose weight , burn fat , and control your urges to eat unhealthy foods by utilizing natural components .",4,Healthy lifestyle and Weight Loss,4.715275996608384,"these supplements may help you lose weight , burn fat , and control your urges to eat unhealthy foods by utilizing natural components ."
"we had some friends over for the afternoon so now eating later than i normally do . leftover cold steak , salted and dipped in melted butter . one of my favorite meals !",1,Keto and Diet,26.51442601503101,"we had some friends over for the afternoon so now eating later than i normally do . leftover cold steak , salted and dipped in melted butter . one of my favorite meals !"
normally thinspo doesnt really do anything for me but this one video ( actually her whole account ) oh my god,0,Eating Disorder,5.289704854300055,normally thinspo doesnt really do anything for me but this one video ( actually her whole account ) oh my god
about the same as last time,3,Weight Loss Drugs,4.332695770655343,about the same as last time
edtwt be like * makes fun of non passing transmasc * * makes fun of non passing transmasc * * makes fun of-,0,Eating Disorder,4.258903169071546,edtwt be like * makes fun of non passing transmasc * * makes fun of non passing transmasc * * makes fun of-
"phyna is still the senior and the winner of bbnaijas7 sha and e dey show well well . babe came and took the main price that 28 hsmts , including your favourites were contesting for phyna x spedy weightloss congratulations phyna",14,Spam,284.275893765683,"phyna is still the senior and the winner of bbnaijas7 sha and e dey show well well . babe came and took the main price that 28 hsmts , including your favourites were contesting for phyna x spedy weightloss congratulations phyna"
shkretira pushkar sht nj nga vendet m t vizituara nga turistt n shtetin rajasthan n indi . kto foto t bukura jan shkrepur nga turistt duke br nj safari me deve gjat perndimit t diellit .,3,Weight Loss Drugs,2706.172806970588,shkretira pushkar sht nj nga vendet m t vizituara nga turistt n shtetin rajasthan n indi . kto foto t bukura jan shkrepur nga turistt duke br nj safari me deve gjat perndimit t diellit .
have fun and be yourself,17,Healthy lifestyle and Weight Loss,3.3139576785610565,have fun and be yourself
why are we seeing more infertility ? the role of age and weight,3,Weight Loss Drugs,25.18256725148268,why are we seeing more infertility ? the role of age and weight
weight loss gummies are powerful supplements that can easily help you to lose body fat through the ketosis process .,1,Keto and Diet,6.852245069802635,weight loss gummies are powerful supplements that can easily help you to lose body fat through the ketosis process .
"stay fit , stay strong , no matter where you are .",13,Healthy lifestyle and Weight Loss,3.999417226287232,"stay fit , stay strong , no matter where you are ."
strive to do it like phyna all the time .. it is the route to winning phyna x spedy weightloss congratulations phyna,14,Spam,88.4646970232851,strive to do it like phyna all the time .. it is the route to winning phyna x spedy weightloss congratulations phyna
have you considered the way your brain is aging ? learn more with clearly keto,1,Keto and Diet,21.893108243247887,have you considered the way your brain is aging ? learn more with clearly keto
"its time for more beef ! ! 24 patties , 1 brisket , and 1 chuck roast",1,Keto and Diet,13.599043576957683,"its time for more beef ! ! 24 patties , 1 brisket , and 1 chuck roast"
"keto chocolate chips cookie the best and easiest keto chocolate chip cookie recipe . soft center , crispy edges , and buttery sweet dough all made in just one bowl ! pin it get the recipe",1,Keto and Diet,18.72488844175765,"keto chocolate chips cookie the best and easiest keto chocolate chip cookie recipe . soft center , crispy edges , and buttery sweet dough all made in just one bowl ! pin it get the recipe"
thinking about making a photo album full of thinspo,0,Eating Disorder,3.1348408515784016,thinking about making a photo album full of thinspo
check out this amazing weight loss guide and reach your fitness goals,4,Healthy lifestyle and Weight Loss,3.4548963953258265,check out this amazing weight loss guide and reach your fitness goals
want to reach your fitness goals ? check out this awesome program that has helped many people reach their goals ! click the link and get started !,4,Healthy lifestyle and Weight Loss,1.674787004849815,want to reach your fitness goals ? check out this awesome program that has helped many people reach their goals ! click the link and get started !
"for a long time , i 've felt , believed , and experienced that nutrition is key to health . junk goes in and the result is poor health . maybe not immediately but definitely , it will add up to a toxic level and cause poor health .",1,Keto and Diet,10.751084230906963,"for a long time , i 've felt , believed , and experienced that nutrition is key to health . junk goes in and the result is poor health . maybe not immediately but definitely , it will add up to a toxic level and cause poor health ."
bbw back door .,5,Body Image,29956.56087989967,bbw back door .
the walking dead ( show ) has some great thinspo i must say .,0,Eating Disorder,4.585797859607946,the walking dead ( show ) has some great thinspo i must say .
"on are you still covered under health insurance ? now that i realise the benefits of this lifestyle , sometimes i feel my health insurance premiums are just going wasted",1,Keto and Diet,9.16495437839853,"on are you still covered under health insurance ? now that i realise the benefits of this lifestyle , sometimes i feel my health insurance premiums are just going wasted"
i want to raise my calorie limit from 100 to like 200 or 300 is that too many ?,7,Eating Disorder,5.503764232668114,i want to raise my calorie limit from 100 to like 200 or 300 is that too many ?
"keto egg noodles are an easy and low-carb alternative to pasta . ready in under 10 minutes with no boiling required , these noodles are perfect for soaking up all of your favorite keto pasta sauces ! get the recipe",1,Keto and Diet,28.50117315146745,"keto egg noodles are an easy and low-carb alternative to pasta . ready in under 10 minutes with no boiling required , these noodles are perfect for soaking up all of your favorite keto pasta sauces ! get the recipe"
phyna is just starting oooh she is a raw talent shop spedy weightloss rixari skin secrets x phyna,14,Spam,475.4668924271381,phyna is just starting oooh she is a raw talent shop spedy weightloss rixari skin secrets x phyna
lose the extra pounds in your life ! click my link and start your journey today !,4,Healthy lifestyle and Weight Loss,3.435332421695608,lose the extra pounds in your life ! click my link and start your journey today !
beautiful day .. let make it worthwhile .. phyna x spedy weightloss congratulations phyna,14,Spam,131.52679875986382,beautiful day .. let make it worthwhile .. phyna x spedy weightloss congratulations phyna
"easy weeknight meal that is healthy and made in one skillet ? this low carb ground beef and zucchini casserole is a kid-friendly , gluten-free and keto meal .",1,Keto and Diet,28.162657990532093,"easy weeknight meal that is healthy and made in one skillet ? this low carb ground beef and zucchini casserole is a kid-friendly , gluten-free and keto meal ."
do you struggle finding delicious and easy to make keto recipes ? click my bio link to get free to download keto cookbook that includes 25 delicious keto recipes . check my bio link now,1,Keto and Diet,11.344086853246798,do you struggle finding delicious and easy to make keto recipes ? click my bio link to get free to download keto cookbook that includes 25 delicious keto recipes . check my bio link now
do you know your risk factors for high blood pressure ? you cant do anything about some risk factors . but others can be changed . learn about the risk factors by taking this quiz,4,Healthy lifestyle and Weight Loss,6.076814102377552,do you know your risk factors for high blood pressure ? you cant do anything about some risk factors . but others can be changed . learn about the risk factors by taking this quiz
i dont need thinspo my crush is literally thinner and prettier than all the girls in my school despite being a guy,7,Eating Disorder,3.73182458561227,i dont need thinspo my crush is literally thinner and prettier than all the girls in my school despite being a guy
"emotional eating is a severe problem that can be hard to overcome . thankfully , you can take steps to change your relationship with food .",4,Healthy lifestyle and Weight Loss,5.915015967615084,"emotional eating is a severe problem that can be hard to overcome . thankfully , you can take steps to change your relationship with food ."
"i 'm staying away from that ozempic article . i am so grateful that i was able to move past my eating disorder years into a place where i could love & ; enjoy food , without rumination . that said i am careful about triggers ( will never own a scale again ) . diet culture is monstrous .",3,Weight Loss Drugs,25.1255022681508,"i 'm staying away from that ozempic article . i am so grateful that i was able to move past my eating disorder years into a place where i could love & ; enjoy food , without rumination . that said i am careful about triggers ( will never own a scale again ) . diet culture is monstrous ."
"myth performing 100 crunches daily will lead to flat abs . reality no amount of crunches will lead to a flat tummy , but they will help strengthen your core .",11,Spam,63.39293431343744,"myth performing 100 crunches daily will lead to flat abs . reality no amount of crunches will lead to a flat tummy , but they will help strengthen your core ."
lets go .,3,Weight Loss Drugs,189.82106190102115,lets go .
mad dogs have you checked on your hiv mad woman aboki daily meal today ? because i know you ca n't breathe anymore but incase is getting to you very hot mad woman warn your animals to stay of phyna and phynation business . phyna x spedy weightloss,14,Spam,167.8207359617588,mad dogs have you checked on your hiv mad woman aboki daily meal today ? because i know you ca n't breathe anymore but incase is getting to you very hot mad woman warn your animals to stay of phyna and phynation business . phyna x spedy weightloss
best thinspo ever . i will look at this image every single day from now on,0,Eating Disorder,2.4974306382479647,best thinspo ever . i will look at this image every single day from now on
"phyna the winner phyna the hype priestess fine girl , fine face , glowing skin with a banging body phyna x spedy weightloss congratulations phyna",14,Spam,224.6663234383689,"phyna the winner phyna the hype priestess fine girl , fine face , glowing skin with a banging body phyna x spedy weightloss congratulations phyna"
anyone know some workout tips that will help me lose weight without gaining muscle,0,Eating Disorder,3.484196995436411,anyone know some workout tips that will help me lose weight without gaining muscle
"wan na lose 2+ lbs/week ? forget -keto -crash dieting -hours of cardio -weight loss supplements try this -whole foods -satiating carbs ( , ) -20 minute interval training -green tea to boost your metabolism",11,Spam,196.707765023294,"wan na lose 2+ lbs/week ? forget -keto -crash dieting -hours of cardio -weight loss supplements try this -whole foods -satiating carbs ( , ) -20 minute interval training -green tea to boost your metabolism"
100 ways to slightly improve your life without really trying .,4,Healthy lifestyle and Weight Loss,6.7789766966465805,100 ways to slightly improve your life without really trying .
if food could solve all the problems i wouldnt have switched sides i was a keto zealot and now i think it depends,1,Keto and Diet,11.19346610796648,if food could solve all the problems i wouldnt have switched sides i was a keto zealot and now i think it depends
weight loss is a sum of all of your habits not individual ones .,4,Healthy lifestyle and Weight Loss,6.341605551531673,weight loss is a sum of all of your habits not individual ones .
they need to euthanize edtwt,10,Body Image,195.6536714451433,they need to euthanize edtwt
this has historically limited the amount of research that can be done in regards to cannabis products and how they affect our health . read more,1,Keto and Diet,3.792302495576279,this has historically limited the amount of research that can be done in regards to cannabis products and how they affect our health . read more
now you can lose weight without having to eat bland food .,4,Healthy lifestyle and Weight Loss,4.958587568712064,now you can lose weight without having to eat bland food .
ofc this is a edtwt account,2,Anti Eating Disorder,163.881628294163,ofc this is a edtwt account
`` edtwt isnt glamorizing or romanticizing anything '' edtwt,2,Anti Eating Disorder,153.88517122333292,`` edtwt isnt glamorizing or romanticizing anything '' edtwt
"ozempic face the saggy side of semaglutide ozempic face ( ) is a term that has been trending on social media . however , is it a side effect of taking the medication or due to rapid weight loss ? full article",3,Weight Loss Drugs,50.32459482249432,"ozempic face the saggy side of semaglutide ozempic face ( ) is a term that has been trending on social media . however , is it a side effect of taking the medication or due to rapid weight loss ? full article"
edtwt is the literal embodiment of misery loves company,2,Anti Eating Disorder,39.8013785876146,edtwt is the literal embodiment of misery loves company
i can do keto forever and never get rid of these fat thumbs,10,Body Image,10.65251747763642,i can do keto forever and never get rid of these fat thumbs
"elefant aziatik , shqiponj e art , jan kto disa nga kafsht dhe shpezt e shumta q mund t shihen n parkun natyror , i cili sht shtpia e afrsisht 3.500 kafshve t egra t 130 llojeve t sjella nga gjeografi t ndryshme t bots n rajonin sasali t izmirit , n trkiye .",3,Weight Loss Drugs,2526.092471923735,"elefant aziatik , shqiponj e art , jan kto disa nga kafsht dhe shpezt e shumta q mund t shihen n parkun natyror , i cili sht shtpia e afrsisht 3.500 kafshve t egra t 130 llojeve t sjella nga gjeografi t ndryshme t bots n rajonin sasali t izmirit , n trkiye ."
great most successful people starts from grass to grace what a best story to tell .... thank you phyna for sharing your life journey with us best motivation ever ! rixari skin secrets x phyna shop spedy weightloss,14,Spam,120.6259405015538,great most successful people starts from grass to grace what a best story to tell .... thank you phyna for sharing your life journey with us best motivation ever ! rixari skin secrets x phyna shop spedy weightloss
the beginning of phyna is inspiring to everyone out there . her present is a testimony . be proud of your humble beginning and keep it moving rixari skin secrets x phyna shop spedy weightloss,14,Spam,62.9827716891853,the beginning of phyna is inspiring to everyone out there . her present is a testimony . be proud of your humble beginning and keep it moving rixari skin secrets x phyna shop spedy weightloss
"if you 're already looking forward to your cheat meal on saturday , the way you 're eating probably wo n't lead to long-term results ! ! !",4,Healthy lifestyle and Weight Loss,4.347787032381283,"if you 're already looking forward to your cheat meal on saturday , the way you 're eating probably wo n't lead to long-term results ! ! !"
what happens when you drink acv every day ? you can shop now,6,Weight Loss Drugs,15.693095659838024,what happens when you drink acv every day ? you can shop now
i followed someone and ever since then ive been on edtwt help get me out of here i dont wanan be here,2,Anti Eating Disorder,4.415983841551166,i followed someone and ever since then ive been on edtwt help get me out of here i dont wanan be here
what plans for the new year,4,Healthy lifestyle and Weight Loss,3.3577910964593887,what plans for the new year
", 66 , just her in a new",3,Weight Loss Drugs,6001.3122708683095,", 66 , just her in a new"
is switching to a vegan diet a good way to improve your skin health and enhance your natural beauty ?,13,Healthy lifestyle and Weight Loss,2.1148178572193705,is switching to a vegan diet a good way to improve your skin health and enhance your natural beauty ?
making vegetarian cranberry jelly . just as well i checked before adding sweetener . sugar-free does not mean unsweetened ..,1,Keto and Diet,28.07130170330161,making vegetarian cranberry jelly . just as well i checked before adding sweetener . sugar-free does not mean unsweetened ..
there is no wrong way to train ! the only wrong way is the one you dont enjoy !,4,Healthy lifestyle and Weight Loss,3.0362977228167405,there is no wrong way to train ! the only wrong way is the one you dont enjoy !
ready to drop those extra pounds ? click my link to learn how to do it the right way !,4,Healthy lifestyle and Weight Loss,2.7966769488040097,ready to drop those extra pounds ? click my link to learn how to do it the right way !
protein ice cream for the win . i eat about 1 of these per week on average,4,Healthy lifestyle and Weight Loss,4.063995234628712,protein ice cream for the win . i eat about 1 of these per week on average
"shine on you kooky kids ! embrace the wrinkles , grey hair , wobbly bellies & ; legs , funky out there clothes , odd socks , & ; crooked smiles.ditch the botox & ; fillers , be the f * cking revolution ! ! be you ! ! ! love yourself ! !",19,Weight Loss Drugs,52.56136414561925,"shine on you kooky kids ! embrace the wrinkles , grey hair , wobbly bellies & ; legs , funky out there clothes , odd socks , & ; crooked smiles.ditch the botox & ; fillers , be the f * cking revolution ! ! be you ! ! ! love yourself ! !"
ozempic sale ! !,3,Weight Loss Drugs,384257.7654418912,ozempic sale ! !
looking to craft a healthier you ? start today with this epic giveaway from health craft clinic ! follow our insta or facebook to win !,1,Keto and Diet,14.236614765325744,looking to craft a healthier you ? start today with this epic giveaway from health craft clinic ! follow our insta or facebook to win !
"i think it speaks volumes about a brand to include other possibilities , and not to exclude . i think this is testimony to them . it is without a doubt that is forward thinkers . full video here",1,Keto and Diet,25.68077578304372,"i think it speaks volumes about a brand to include other possibilities , and not to exclude . i think this is testimony to them . it is without a doubt that is forward thinkers . full video here"
